{
  "transfer_files":
  [
    "bin/DEMO.8xp",
    "src/gfx/vargfx.8xv"
  ],
  "target":
  {
    "name": "DEMO",
    "isASM": true
  },
  "sequence":
  [
    "action|launch",
    "delay|100",
    "hashWait|1",
    "key|enter",
    "hashWait|2"
  ],
  "hashes":
  {
    "1":
    {
      "description": "Test sprite appvar display",
      "start": "vram_start",
      "size": "vram_8_size",
      "expected_CRCs": [ "9F0F94EA" ]
    },
    "2":
    {
      "description": "Test program exit",
      "start": "vram_start",
      "size": "vram_16_size",
      "expected_CRCs": [ "FFAF89BA", "101734A5", "9DA19F44", "A32840C8", "349F4775" ]
    }
  }
}
