{
  "transfer_files":
  [
    "bin/DEMO.8xp"
  ],
  "target":
  {
    "name": "DEMO",
    "isASM": true
  },
  "sequence":
  [
    "delay|2000",
    "key|clear",
    "hashWait|2",
    "key|4",
    "key|2",
    "key|enter",
    "delay|300",
    "action|launch",
    "delay|500",
    "key|2nd",
    "key|(-)",
    "key|enter",
    "delay|300",
    "hashWait|1",
    "key|clear",
    "hashWait|2"
  ],
  "hashes":
  {
    "1":
    {
      "description": "Test show {2 3 7}",
      "start": "vram_start",
      "size": "vram_16_size",
      "expected_CRCs": [ "FCCB669E" ]
    },
    "2":
    {
      "description": "Test homescreen cleared",
      "start": "vram_start",
      "size": "vram_16_size",
      "expected_CRCs": [ "FFAF89BA", "101734A5", "9DA19F44", "A32840C8", "349F4775" ]
    }
  }
}
