{
  "transfer_files":
  [
    "bin/DEMO.8xp"
  ],
  "target":
  {
    "name": "DEMO",
    "isASM": true
  },
  "sequence":
  [
    "action|launch",
    "delay|200",
    "key|left",
    "delay|500",
    "hashWait|1",
    "key|up",
    "delay|500",
    "hashWait|2",
    "key|right",
    "delay|500",
    "hashWait|3",
    "key|down",
    "delay|500",
    "hashWait|4",
    "key|2nd",
    "delay|500",
    "hashWait|5"
  ],
  "hashes":
  {
    "1":
    {
      "description": "Test left",
      "start": "vram_start",
      "size": "vram_16_size",
      "expected_CRCs": [ "FB88A8FA" ]
    },
    "2":
    {
      "description": "Test up",
      "start": "vram_start",
      "size": "vram_16_size",
      "expected_CRCs": [ "9B3F6613" ]
    },
    "3":
    {
      "description": "Test right",
      "start": "vram_start",
      "size": "vram_16_size",
      "expected_CRCs": [ "4E97E593" ]
    },
    "4":
    {
      "description": "Test down",
      "start": "vram_start",
      "size": "vram_16_size",
      "expected_CRCs": [ "4BFF9C9F" ]
    },
    "5":
    {
      "description": "Test program exit",
      "start": "vram_start",
      "size": "vram_16_size",
      "expected_CRCs": [ "FFAF89BA", "101734A5", "9DA19F44", "A32840C8", "349F4775" ]
    }
  }
}
