{
  "transfer_files":
  [
    "bin/DEMO.8xp"
  ],
  "target":
  {
    "name": "DEMO",
    "isASM": true
  },
  "sequence":
  [
    "action|launch",
    "delay|200",
    "hashWait|1",
    "key|enter",
    "hashWait|2",
    "key|enter",
    "hashWait|3",
    "key|enter",
    "hashWait|4"
  ],
  "hashes":
  {
    "1":
    {
      "description": "Test initial text display",
      "start": "vram_start",
      "size": "vram_8_size",
      "expected_CRCs": [ "C7B6D437" ]
    },
    "2":
    {
      "description": "Test text window display",
      "start": "vram_start",
      "size": "vram_8_size",
      "expected_CRCs": [ "384C8C4B" ]
    },
    "3":
    {
      "description": "Test text window scroll display",
      "start": "vram_start",
      "size": "vram_8_size",
      "expected_CRCs": [ "A327F7D4" ]
    },
    "4":
    {
      "description": "Test program exit",
      "start": "vram_start",
      "size": "vram_16_size",
      "expected_CRCs": [ "FFAF89BA", "101734A5", "9DA19F44", "A32840C8", "349F4775" ]
    }
  }
}
