{
  "transfer_files":
  [
    "bin/DEMO.8xp"
  ],
  "target":
  {
    "name": "DEMO",
    "isASM": true
  },
  "sequence":
  [
    "action|launch",
    "delay|100",
    "hashWait|1",
    "key|enter",
    "hashWait|2",
    "key|enter",
    "hashWait|3",
    "key|enter",
    "hashWait|4"
  ],
  "hashes":
  {
    "1":
    {
      "description": "Test star display",
      "start": "vram_start",
      "size": "vram_8_size",
      "expected_CRCs": [ "7EA01B1B" ]
    },
    "2":
    {
      "description": "Test star center fill display",
      "start": "vram_start",
      "size": "vram_8_size",
      "expected_CRCs": [ "A2D1540C" ]
    },
    "3":
    {
      "description": "Test star outer fill display",
      "start": "vram_start",
      "size": "vram_8_size",
      "expected_CRCs": [ "46616CF5" ]
    },
    "4":
    {
      "description": "Test program exit",
      "start": "vram_start",
      "size": "vram_16_size",
      "expected_CRCs": [ "FFAF89BA", "101734A5", "9DA19F44", "A32840C8", "349F4775" ]
    }
  }
}
