{
  "transfer_files":
  [
    "bin/DEMO.8xp"
  ],
  "target":
  {
    "name": "DEMO",
    "isASM": true
  },
  "sequence":
  [
    "action|launch",
    "delay|500",
    "hashWait|1",
    "delay|1000",
    "hashWait|2",
    "delay|1000",
    "hashWait|3",
    "delay|1000",
    "hashWait|4",
    "delay|1000",
    "hashWait|5"
  ],
  "hashes":
  {
    "1":
    {
      "description": "Test color 1",
      "start": "vram_start",
      "size": "vram_16_size",
      "expected_CRCs": [ "FB88A8FA" ]
    },
    "2":
    {
      "description": "Test color 2",
      "start": "vram_start",
      "size": "vram_16_size",
      "expected_CRCs": [ "73DEC765" ]
    },
    "3":
    {
      "description": "Test color 3",
      "start": "vram_start",
      "size": "vram_16_size",
      "expected_CRCs": [ "33044C2B" ]
    },
    "4":
    {
      "description": "Test color 4",
      "start": "vram_start",
      "size": "vram_16_size",
      "expected_CRCs": [ "2C9417FC" ]
    },
    "5":
    {
      "description": "Test program exit",
      "start": "vram_start",
      "size": "vram_16_size",
      "expected_CRCs": [ "FFAF89BA", "101734A5", "9DA19F44", "A32840C8", "349F4775" ]
    }
  }
}
