{
  "transfer_files":
  [
    "bin/DEMO.8xp"
  ],
  "target":
  {
    "name": "DEMO",
    "isASM": true
  },
  "sequence":
  [
    "action|launch",
    "delay|100",
    "hashWait|1",
    "key|enter",
    "hashWait|2",
    "key|enter",
    "hashWait|3",
    "key|enter",
    "hashWait|4",
    "key|enter",
    "hashWait|5",
    "key|enter",
    "hashWait|6"
  ],
  "hashes":
  {
    "1":
    {
      "description": "Test initial rectangle display",
      "start": "vram_start",
      "size": "vram_8_size",
      "expected_CRCs": [ "D976C46D" ]
    },
    "2":
    {
      "description": "Test shift down",
      "start": "vram_start",
      "size": "vram_8_size",
      "expected_CRCs": [ "92B7B8F4" ]
    },
    "3":
    {
      "description": "Test shift left",
      "start": "vram_start",
      "size": "vram_8_size",
      "expected_CRCs": [ "B2C96AF3" ]
    },
    "4":
    {
      "description": "Test shift up",
      "start": "vram_start",
      "size": "vram_8_size",
      "expected_CRCs": [ "9A624E3D" ]
    },
    "5":
    {
      "description": "Test shift right",
      "start": "vram_start",
      "size": "vram_8_size",
      "expected_CRCs": [ "D976C46D" ]
    },
    "6":
    {
      "description": "Test program exit",
      "start": "vram_start",
      "size": "vram_16_size",
      "expected_CRCs": [ "FFAF89BA", "101734A5", "9DA19F44", "A32840C8", "349F4775" ]
    }
  }
}
